SI,admin,2022-10-17-16:46:14
TT,admin,2022-10-17-17:11:42
TT,admin,2022-10-17-17:16:26
TT,admin,2022-10-17-19:45:34
TT,admin,2022-10-17-19:45:56
TT,admin,2022-10-17-19:48:52
TT,admin,2022-10-17-19:49:58
TT,admin,2022-10-17-19:50:49
TT,admin,2022-10-17-19:51:01
TT,admin,2022-10-17-19:54:14
TT,admin,2022-10-17-19:54:24
TT,admin,2022-10-17-19:54:55
TT,admin,2022-10-17-19:58:52
TT,admin,2022-10-17-19:59:26
TT,admin,2022-10-17-19:59:30
TT,admin,2022-10-17-19:59:33
SQ,admin,2022-10-17-19:59:36
TT,admin,2022-10-17-19:59:43
TT,admin,2022-10-17-19:59:49
TT,admin,2022-10-17-19:59:55
TT,admin,2022-10-17-20:00:02
TT,admin,2022-10-25-21:35:33
